bucket,pair,balance_fit,classifier,view,macro_f1_isotonic_f1,macro_f1_none,macro_f1_platt_prior,ece_isotonic_f1,ece_none,ece_platt_prior,brier_isotonic_f1,brier_none,brier_platt_prior,pr_auc_anomaly_isotonic_f1,pr_auc_anomaly_none,pr_auc_anomaly_platt_prior
cross_as,rrc04_as12880__to__rrc04_as3352,equal,lstm,fusion_early,,0.0792,,,0.7905,,,0.7048,,,0.108,
cross_as,rrc04_as12880__to__rrc04_as3352,equal,lstm,fusion_late_attention,,0.0792,,,0.875,,,0.8433,,,0.1371,
cross_as,rrc04_as12880__to__rrc04_as3352,equal,lstm,fusion_late_mean,,0.0792,,,0.6283,,,0.4743,,,0.0883,
cross_as,rrc04_as12880__to__rrc04_as3352,equal,lstm,fusion_late_or,,0.0792,,,0.8173,,,0.7466,,,0.1097,
cross_as,rrc04_as12880__to__rrc04_as3352,equal,lstm,graph,,0.1433,,,0.4596,,,0.2756,,,0.0899,
cross_as,rrc04_as12880__to__rrc04_as3352,equal,lstm,stat,,0.0792,,,0.8173,,,0.7466,,,0.1097,
cross_as,rrc04_as12880__to__rrc04_as3352,equal,mlp,fusion_early,,0.0801,,,0.806,,,0.7367,,,0.1325,
cross_as,rrc04_as12880__to__rrc04_as3352,equal,mlp,fusion_late_attention,,0.0891,,,0.8335,,,0.7817,,,0.1358,
cross_as,rrc04_as12880__to__rrc04_as3352,equal,mlp,fusion_late_mean,,0.0955,,,0.595,,,0.4373,,,0.1182,
cross_as,rrc04_as12880__to__rrc04_as3352,equal,mlp,fusion_late_or,,0.0847,,,0.7862,,,0.715,,,0.1478,
cross_as,rrc04_as12880__to__rrc04_as3352,equal,mlp,graph,,0.3838,,,0.4048,,,0.2425,,,0.2251,
cross_as,rrc04_as12880__to__rrc04_as3352,equal,mlp,stat,,0.0948,,,0.785,,,0.714,,,0.1479,
cross_as,rrc04_as12880__to__rrc04_as3352,equal,random_forest,fusion_early,,0.0782,,,0.7754,,,0.6793,,,0.0565,
cross_as,rrc04_as12880__to__rrc04_as3352,equal,random_forest,fusion_late_attention,,0.0773,,,0.8752,,,0.8572,,,0.0567,
cross_as,rrc04_as12880__to__rrc04_as3352,equal,random_forest,fusion_late_mean,,0.079,,,0.7035,,,0.5799,,,0.068,
cross_as,rrc04_as12880__to__rrc04_as3352,equal,random_forest,fusion_late_or,,0.0792,,,0.7921,,,0.7262,,,0.0567,
cross_as,rrc04_as12880__to__rrc04_as3352,equal,random_forest,graph,,0.0792,,,0.6123,,,0.4532,,,0.0954,
cross_as,rrc04_as12880__to__rrc04_as3352,equal,random_forest,stat,,0.0768,,,0.7952,,,0.7265,,,0.0559,
cross_as,rrc04_as12880__to__rrc04_as3352,equal,xgboost,fusion_early,,0.08,,,0.8972,,,0.897,,,0.0731,
cross_as,rrc04_as12880__to__rrc04_as3352,equal,xgboost,fusion_late_attention,,0.0776,,,0.8941,,,0.8829,,,0.0689,
cross_as,rrc04_as12880__to__rrc04_as3352,equal,xgboost,fusion_late_mean,,0.0783,,,0.8377,,,0.7899,,,0.0672,
cross_as,rrc04_as12880__to__rrc04_as3352,equal,xgboost,fusion_late_or,,0.0792,,,0.9002,,,0.8969,,,0.0668,
cross_as,rrc04_as12880__to__rrc04_as3352,equal,xgboost,graph,,0.0792,,,0.7859,,,0.6984,,,0.0914,
cross_as,rrc04_as12880__to__rrc04_as3352,equal,xgboost,stat,,0.0777,,,0.8966,,,0.8942,,,0.0665,
cross_as,rrc04_as12880__to__rrc04_as3352,none,lstm,fusion_early,,0.0793,,,0.8371,,,0.7841,,,0.0872,
cross_as,rrc04_as12880__to__rrc04_as3352,none,lstm,fusion_late_attention,,0.0792,,,0.8805,,,0.8538,,,0.095,
cross_as,rrc04_as12880__to__rrc04_as3352,none,lstm,fusion_late_mean,,0.0792,,,0.6537,,,0.5061,,,0.0848,
cross_as,rrc04_as12880__to__rrc04_as3352,none,lstm,fusion_late_or,,0.0792,,,0.8683,,,0.833,,,0.0926,
cross_as,rrc04_as12880__to__rrc04_as3352,none,lstm,graph,,0.0792,,,0.4392,,,0.2719,,,0.0604,
cross_as,rrc04_as12880__to__rrc04_as3352,none,lstm,stat,,0.0792,,,0.8683,,,0.833,,,0.0926,
cross_as,rrc04_as12880__to__rrc04_as3352,none,mlp,fusion_early,,0.0818,,,0.7814,,,0.6955,,,0.1662,
cross_as,rrc04_as12880__to__rrc04_as3352,none,mlp,fusion_late_attention,,0.0795,,,0.8092,,,0.7319,,,0.1937,
cross_as,rrc04_as12880__to__rrc04_as3352,none,mlp,fusion_late_mean,,0.085,,,0.5695,,,0.3993,,,0.19,
cross_as,rrc04_as12880__to__rrc04_as3352,none,mlp,fusion_late_or,,0.0847,,,0.7289,,,0.6121,,,0.1863,
cross_as,rrc04_as12880__to__rrc04_as3352,none,mlp,graph,,0.3979,,,0.4101,,,0.2468,,,0.4309,
cross_as,rrc04_as12880__to__rrc04_as3352,none,mlp,stat,,0.0847,,,0.7288,,,0.612,,,0.1863,
cross_as,rrc04_as12880__to__rrc04_as3352,none,random_forest,fusion_early,,0.1294,,,0.5785,,,0.4,,,0.0545,
cross_as,rrc04_as12880__to__rrc04_as3352,none,random_forest,fusion_late_attention,,0.0737,,,0.9055,,,0.9043,,,0.0539,
cross_as,rrc04_as12880__to__rrc04_as3352,none,random_forest,fusion_late_mean,,0.0932,,,0.5617,,,0.3899,,,0.0643,
cross_as,rrc04_as12880__to__rrc04_as3352,none,random_forest,fusion_late_or,,0.0792,,,0.6249,,,0.4918,,,0.0561,
cross_as,rrc04_as12880__to__rrc04_as3352,none,random_forest,graph,,0.0792,,,0.4785,,,0.3075,,,0.0928,
cross_as,rrc04_as12880__to__rrc04_as3352,none,random_forest,stat,,0.1221,,,0.6399,,,0.4921,,,0.0538,
cross_as,rrc04_as12880__to__rrc04_as3352,none,xgboost,fusion_early,,0.0744,,,0.9073,,,0.908,,,0.0599,
cross_as,rrc04_as12880__to__rrc04_as3352,none,xgboost,fusion_late_attention,,0.0776,,,0.9095,,,0.91,,,0.0656,
cross_as,rrc04_as12880__to__rrc04_as3352,none,xgboost,fusion_late_mean,,0.0773,,,0.7886,,,0.711,,,0.0654,
cross_as,rrc04_as12880__to__rrc04_as3352,none,xgboost,fusion_late_or,,0.0792,,,0.8948,,,0.8947,,,0.0594,
cross_as,rrc04_as12880__to__rrc04_as3352,none,xgboost,graph,,0.0792,,,0.6887,,,0.5541,,,0.094,
cross_as,rrc04_as12880__to__rrc04_as3352,none,xgboost,stat,,0.0794,,,0.8963,,,0.8962,,,0.0591,
cross_as,rrc04_as12880__to__rrc05_as3352,equal,lstm,fusion_early,,0.0507,,,0.7052,,,0.5536,,,0.0688,
cross_as,rrc04_as12880__to__rrc05_as3352,equal,lstm,fusion_late_attention,,0.0477,,,0.8733,,,0.8122,,,0.057,
cross_as,rrc04_as12880__to__rrc05_as3352,equal,lstm,fusion_late_mean,,0.049,,,0.6148,,,0.4287,,,0.0579,
cross_as,rrc04_as12880__to__rrc05_as3352,equal,lstm,fusion_late_or,,0.0477,,,0.7602,,,0.635,,,0.0574,
cross_as,rrc04_as12880__to__rrc05_as3352,equal,lstm,graph,,0.1992,,,0.4697,,,0.2692,,,0.0784,
cross_as,rrc04_as12880__to__rrc05_as3352,equal,lstm,stat,,0.0501,,,0.76,,,0.6348,,,0.0574,
cross_as,rrc04_as12880__to__rrc05_as3352,equal,mlp,fusion_early,,0.0952,,,0.8313,,,0.7592,,,0.3691,
cross_as,rrc04_as12880__to__rrc05_as3352,equal,mlp,fusion_late_attention,,0.2659,,,0.6148,,,0.5088,,,0.2881,
cross_as,rrc04_as12880__to__rrc05_as3352,equal,mlp,fusion_late_mean,,0.3092,,,0.4973,,,0.3063,,,0.269,
cross_as,rrc04_as12880__to__rrc05_as3352,equal,mlp,fusion_late_or,,0.2044,,,0.6298,,,0.4655,,,0.3076,
cross_as,rrc04_as12880__to__rrc05_as3352,equal,mlp,graph,,0.3113,,,0.4379,,,0.2393,,,0.1033,
cross_as,rrc04_as12880__to__rrc05_as3352,equal,mlp,stat,,0.3024,,,0.5569,,,0.4208,,,0.3071,
cross_as,rrc04_as12880__to__rrc05_as3352,equal,random_forest,fusion_early,,0.0474,,,0.7767,,,0.6508,,,0.121,
cross_as,rrc04_as12880__to__rrc05_as3352,equal,random_forest,fusion_late_attention,,0.0474,,,0.9198,,,0.8929,,,0.1188,
cross_as,rrc04_as12880__to__rrc05_as3352,equal,random_forest,fusion_late_mean,,0.0474,,,0.7584,,,0.6211,,,0.1766,
cross_as,rrc04_as12880__to__rrc05_as3352,equal,random_forest,fusion_late_or,,0.0474,,,0.8279,,,0.7321,,,0.1138,
cross_as,rrc04_as12880__to__rrc05_as3352,equal,random_forest,graph,,0.0474,,,0.6914,,,0.5236,,,0.1204,
cross_as,rrc04_as12880__to__rrc05_as3352,equal,random_forest,stat,,0.0474,,,0.8262,,,0.7297,,,0.1138,
cross_as,rrc04_as12880__to__rrc05_as3352,equal,xgboost,fusion_early,,0.0479,,,0.9413,,,0.9337,,,0.24,
cross_as,rrc04_as12880__to__rrc05_as3352,equal,xgboost,fusion_late_attention,,0.0474,,,0.9345,,,0.9205,,,0.1782,
cross_as,rrc04_as12880__to__rrc05_as3352,equal,xgboost,fusion_late_mean,,0.0474,,,0.8637,,,0.7926,,,0.1527,
cross_as,rrc04_as12880__to__rrc05_as3352,equal,xgboost,fusion_late_or,,0.0474,,,0.9461,,,0.9422,,,0.2377,
cross_as,rrc04_as12880__to__rrc05_as3352,equal,xgboost,graph,,0.0474,,,0.7814,,,0.6572,,,0.1033,
cross_as,rrc04_as12880__to__rrc05_as3352,equal,xgboost,stat,,0.0474,,,0.9459,,,0.942,,,0.2377,
cross_as,rrc04_as12880__to__rrc05_as3352,none,lstm,fusion_early,,0.0476,,,0.8087,,,0.7089,,,0.0618,
cross_as,rrc04_as12880__to__rrc05_as3352,none,lstm,fusion_late_attention,,0.0538,,,0.883,,,0.8306,,,0.0596,
cross_as,rrc04_as12880__to__rrc05_as3352,none,lstm,fusion_late_mean,,0.0541,,,0.6478,,,0.4686,,,0.0617,
cross_as,rrc04_as12880__to__rrc05_as3352,none,lstm,fusion_late_or,,0.0474,,,0.819,,,0.7243,,,0.0596,
cross_as,rrc04_as12880__to__rrc05_as3352,none,lstm,graph,,0.0474,,,0.4779,,,0.2757,,,0.0952,
cross_as,rrc04_as12880__to__rrc05_as3352,none,lstm,stat,,0.0552,,,0.8177,,,0.7232,,,0.0596,
cross_as,rrc04_as12880__to__rrc05_as3352,none,mlp,fusion_early,,0.0841,,,0.7357,,,0.6179,,,0.1561,
cross_as,rrc04_as12880__to__rrc05_as3352,none,mlp,fusion_late_attention,,0.0762,,,0.7716,,,0.6628,,,0.1186,
cross_as,rrc04_as12880__to__rrc05_as3352,none,mlp,fusion_late_mean,,0.1189,,,0.5677,,,0.3752,,,0.1077,
cross_as,rrc04_as12880__to__rrc05_as3352,none,mlp,fusion_late_or,,0.1081,,,0.6921,,,0.552,,,0.1391,
cross_as,rrc04_as12880__to__rrc05_as3352,none,mlp,graph,,0.3993,,,0.4454,,,0.2457,,,0.0891,
cross_as,rrc04_as12880__to__rrc05_as3352,none,mlp,stat,,0.1085,,,0.6899,,,0.5498,,,0.1394,
cross_as,rrc04_as12880__to__rrc05_as3352,none,random_forest,fusion_early,,0.2125,,,0.5467,,,0.3502,,,0.1079,
cross_as,rrc04_as12880__to__rrc05_as3352,none,random_forest,fusion_late_attention,,0.0474,,,0.9456,,,0.9413,,,0.0733,
cross_as,rrc04_as12880__to__rrc05_as3352,none,random_forest,fusion_late_mean,,0.07,,,0.5842,,,0.3892,,,0.1077,
cross_as,rrc04_as12880__to__rrc05_as3352,none,random_forest,fusion_late_or,,0.0474,,,0.6511,,,0.4754,,,0.0736,
cross_as,rrc04_as12880__to__rrc05_as3352,none,random_forest,graph,,0.0474,,,0.5339,,,0.3302,,,0.109,
cross_as,rrc04_as12880__to__rrc05_as3352,none,random_forest,stat,,0.1174,,,0.6354,,,0.4597,,,0.0717,
cross_as,rrc04_as12880__to__rrc05_as3352,none,xgboost,fusion_early,,0.0474,,,0.9485,,,0.9469,,,0.1995,
cross_as,rrc04_as12880__to__rrc05_as3352,none,xgboost,fusion_late_attention,,0.0474,,,0.9493,,,0.9485,,,0.1236,
cross_as,rrc04_as12880__to__rrc05_as3352,none,xgboost,fusion_late_mean,,0.0474,,,0.8162,,,0.7158,,,0.1199,
cross_as,rrc04_as12880__to__rrc05_as3352,none,xgboost,fusion_late_or,,0.0474,,,0.947,,,0.9441,,,0.1047,
cross_as,rrc04_as12880__to__rrc05_as3352,none,xgboost,graph,,0.0897,,,0.6854,,,0.5279,,,0.1069,
cross_as,rrc04_as12880__to__rrc05_as3352,none,xgboost,stat,,0.0475,,,0.9469,,,0.9439,,,0.1047,
cross_as,rrc04_as3352__to__rrc04_as12880,equal,lstm,fusion_early,,0.4302,,,0.4395,,,0.3318,,,0.1765,
cross_as,rrc04_as3352__to__rrc04_as12880,equal,lstm,fusion_late_mean,,0.1095,,,0.6568,,,0.5392,,,0.2196,
cross_as,rrc04_as3352__to__rrc04_as12880,equal,lstm,fusion_late_or,,0.1031,,,0.8725,,,0.8611,,,0.1014,
cross_as,rrc04_as3352__to__rrc04_as12880,equal,lstm,graph,,0.1049,,,0.8699,,,0.8579,,,0.1014,
cross_as,rrc04_as3352__to__rrc04_as12880,equal,lstm,stat,,0.4082,,,0.445,,,0.351,,,0.221,
cross_as,rrc04_as3352__to__rrc04_as12880,equal,mlp,fusion_early,,0.2515,,,0.5322,,,0.38,,,0.4141,
cross_as,rrc04_as3352__to__rrc04_as12880,equal,mlp,fusion_late_mean,,0.4176,,,0.4281,,,0.2894,,,0.2324,
cross_as,rrc04_as3352__to__rrc04_as12880,equal,mlp,fusion_late_or,,0.3212,,,0.5476,,,0.4111,,,0.3401,
cross_as,rrc04_as3352__to__rrc04_as12880,equal,mlp,graph,,0.4507,,,0.3887,,,0.2916,,,0.1093,
cross_as,rrc04_as3352__to__rrc04_as12880,equal,mlp,stat,,0.4172,,,0.483,,,0.3315,,,0.3555,
cross_as,rrc04_as3352__to__rrc04_as12880,equal,random_forest,fusion_early,,0.0973,,,0.6744,,,0.5563,,,0.0908,
cross_as,rrc04_as3352__to__rrc04_as12880,equal,random_forest,fusion_late_mean,,0.0973,,,0.7095,,,0.6031,,,0.0586,
cross_as,rrc04_as3352__to__rrc04_as12880,equal,random_forest,fusion_late_or,,0.0973,,,0.8223,,,0.8088,,,0.0614,
cross_as,rrc04_as3352__to__rrc04_as12880,equal,random_forest,graph,,0.0973,,,0.5761,,,0.4284,,,0.1059,
cross_as,rrc04_as3352__to__rrc04_as12880,equal,random_forest,stat,,0.0895,,,0.8348,,,0.8118,,,0.0587,
cross_as,rrc04_as3352__to__rrc04_as12880,equal,xgboost,fusion_early,,0.0976,,,0.8749,,,0.8683,,,0.0822,
cross_as,rrc04_as3352__to__rrc04_as12880,equal,xgboost,fusion_late_mean,,0.0973,,,0.8735,,,0.8691,,,0.0687,
cross_as,rrc04_as3352__to__rrc04_as12880,equal,xgboost,fusion_late_or,,0.0973,,,0.8889,,,0.888,,,0.0645,
cross_as,rrc04_as3352__to__rrc04_as12880,equal,xgboost,graph,,0.0973,,,0.8731,,,0.8587,,,0.1083,
cross_as,rrc04_as3352__to__rrc04_as12880,equal,xgboost,stat,,0.0939,,,0.8851,,,0.8864,,,0.063,
cross_as,rrc04_as3352__to__rrc04_as12880,none,lstm,fusion_early,,0.3769,,,0.5122,,,0.4412,,,0.1388,
cross_as,rrc04_as3352__to__rrc04_as12880,none,lstm,fusion_late_mean,,0.1049,,,0.6028,,,0.4707,,,0.3235,
cross_as,rrc04_as3352__to__rrc04_as12880,none,lstm,fusion_late_or,,0.0979,,,0.889,,,0.8872,,,0.1129,
cross_as,rrc04_as3352__to__rrc04_as12880,none,lstm,graph,,0.0979,,,0.889,,,0.8872,,,0.1079,
cross_as,rrc04_as3352__to__rrc04_as12880,none,lstm,stat,,0.5576,,,0.3195,,,0.2849,,,0.3243,
cross_as,rrc04_as3352__to__rrc04_as12880,none,mlp,fusion_early,,0.245,,,0.6351,,,0.5584,,,0.2871,
cross_as,rrc04_as3352__to__rrc04_as12880,none,mlp,fusion_late_mean,,0.24,,,0.5486,,,0.4347,,,0.1183,
cross_as,rrc04_as3352__to__rrc04_as12880,none,mlp,fusion_late_or,,0.2069,,,0.7194,,,0.6739,,,0.1542,
cross_as,rrc04_as3352__to__rrc04_as12880,none,mlp,graph,,0.4501,,,0.4526,,,0.3788,,,0.1077,
cross_as,rrc04_as3352__to__rrc04_as12880,none,mlp,stat,,0.2585,,,0.6458,,,0.5829,,,0.2111,
cross_as,rrc04_as3352__to__rrc04_as12880,none,random_forest,fusion_early,,0.0958,,,0.5134,,,0.3597,,,0.0684,
cross_as,rrc04_as3352__to__rrc04_as12880,none,random_forest,fusion_late_mean,,0.0839,,,0.5969,,,0.4457,,,0.058,
cross_as,rrc04_as3352__to__rrc04_as12880,none,random_forest,fusion_late_or,,0.0953,,,0.725,,,0.6695,,,0.0635,
cross_as,rrc04_as3352__to__rrc04_as12880,none,random_forest,graph,,0.2749,,,0.4112,,,0.2658,,,0.1099,
cross_as,rrc04_as3352__to__rrc04_as12880,none,random_forest,stat,,0.085,,,0.7594,,,0.6835,,,0.0581,
cross_as,rrc04_as3352__to__rrc04_as12880,none,xgboost,fusion_early,,0.0973,,,0.8844,,,0.8839,,,0.0679,
cross_as,rrc04_as3352__to__rrc04_as12880,none,xgboost,fusion_late_mean,,0.1115,,,0.8027,,,0.7797,,,0.0739,
cross_as,rrc04_as3352__to__rrc04_as12880,none,xgboost,fusion_late_or,,0.0973,,,0.8755,,,0.8708,,,0.0748,
cross_as,rrc04_as3352__to__rrc04_as12880,none,xgboost,graph,,0.0973,,,0.8009,,,0.7403,,,0.1072,
cross_as,rrc04_as3352__to__rrc04_as12880,none,xgboost,stat,,0.1262,,,0.8479,,,0.8499,,,0.0731,
cross_as,rrc04_as3352__to__rrc04_as12880__core10,equal,lstm,core10,,0.0993,,,0.8665,,,0.8707,,,0.0644,
cross_as,rrc04_as3352__to__rrc04_as12880__core10,equal,mlp,core10,,0.0966,,,0.8246,,,0.7977,,,0.1354,
cross_as,rrc04_as3352__to__rrc04_as12880__core10,equal,random_forest,core10,,0.0973,,,0.823,,,0.7681,,,0.0643,
cross_as,rrc04_as3352__to__rrc04_as12880__core10,equal,xgboost,core10,,0.0975,,,0.8882,,,0.8884,,,0.0692,
cross_as,rrc04_as3352__to__rrc04_as12880__core10,none,lstm,core10,,0.0977,,,0.8786,,,0.8819,,,0.0608,
cross_as,rrc04_as3352__to__rrc04_as12880__core10,none,mlp,core10,,0.1059,,,0.8381,,,0.8386,,,0.107,
cross_as,rrc04_as3352__to__rrc04_as12880__core10,none,random_forest,core10,,0.0818,,,0.7359,,,0.6325,,,0.0632,
cross_as,rrc04_as3352__to__rrc04_as12880__core10,none,xgboost,core10,,0.0734,,,0.8994,,,0.8951,,,0.0639,
cross_as,rrc04_as3352__to__rrc05_as12880,equal,lstm,fusion_early,,0.5996,,,0.3026,,,0.1847,,,0.332,
cross_as,rrc04_as3352__to__rrc05_as12880,equal,lstm,fusion_late_attention,,0.1528,,,0.6715,,,0.5744,,,0.2614,
cross_as,rrc04_as3352__to__rrc05_as12880,equal,lstm,fusion_late_mean,,0.0958,,,0.6301,,,0.4935,,,0.2613,
cross_as,rrc04_as3352__to__rrc05_as12880,equal,lstm,fusion_late_or,,0.0958,,,0.8819,,,0.8726,,,0.1737,
cross_as,rrc04_as3352__to__rrc05_as12880,equal,lstm,graph,,0.0958,,,0.8819,,,0.8726,,,0.1737,
cross_as,rrc04_as3352__to__rrc05_as12880,equal,lstm,stat,,0.4519,,,0.3844,,,0.251,,,0.2614,
cross_as,rrc04_as3352__to__rrc05_as12880,equal,mlp,fusion_early,,0.4874,,,0.4335,,,0.305,,,0.2191,
cross_as,rrc04_as3352__to__rrc05_as12880,equal,mlp,fusion_late_attention,,0.1753,,,0.5831,,,0.4347,,,0.2886,
cross_as,rrc04_as3352__to__rrc05_as12880,equal,mlp,fusion_late_mean,,0.1119,,,0.5311,,,0.3703,,,0.2902,
cross_as,rrc04_as3352__to__rrc05_as12880,equal,mlp,fusion_late_or,,0.0958,,,0.696,,,0.5762,,,0.3027,
cross_as,rrc04_as3352__to__rrc05_as12880,equal,mlp,graph,,0.0958,,,0.6872,,,0.5677,,,0.2459,
cross_as,rrc04_as3352__to__rrc05_as12880,equal,mlp,stat,,0.5627,,,0.3921,,,0.2466,,,0.2847,
cross_as,rrc04_as3352__to__rrc05_as12880,equal,random_forest,fusion_early,,0.0958,,,0.6631,,,0.5395,,,0.1024,
cross_as,rrc04_as3352__to__rrc05_as12880,equal,random_forest,fusion_late_attention,,0.0958,,,0.8716,,,0.86,,,0.0714,
cross_as,rrc04_as3352__to__rrc05_as12880,equal,random_forest,fusion_late_mean,,0.0958,,,0.6486,,,0.528,,,0.0715,
cross_as,rrc04_as3352__to__rrc05_as12880,equal,random_forest,fusion_late_or,,0.0958,,,0.7291,,,0.6479,,,0.0781,
cross_as,rrc04_as3352__to__rrc05_as12880,equal,random_forest,graph,,0.0958,,,0.5736,,,0.4243,,,0.1155,
cross_as,rrc04_as3352__to__rrc05_as12880,equal,random_forest,stat,,0.0972,,,0.7242,,,0.6463,,,0.0714,
cross_as,rrc04_as3352__to__rrc05_as12880,equal,xgboost,fusion_early,,0.0972,,,0.8588,,,0.8369,,,0.2878,
cross_as,rrc04_as3352__to__rrc05_as12880,equal,xgboost,fusion_late_attention,,0.0973,,,0.8839,,,0.8797,,,0.1848,
cross_as,rrc04_as3352__to__rrc05_as12880,equal,xgboost,fusion_late_mean,,0.0959,,,0.8635,,,0.8477,,,0.1856,
cross_as,rrc04_as3352__to__rrc05_as12880,equal,xgboost,fusion_late_or,,0.0958,,,0.8831,,,0.8766,,,0.1912,
cross_as,rrc04_as3352__to__rrc05_as12880,equal,xgboost,graph,,0.0958,,,0.8589,,,0.8325,,,0.11,
cross_as,rrc04_as3352__to__rrc05_as12880,equal,xgboost,stat,,0.1042,,,0.8715,,,0.8677,,,0.1836,
cross_as,rrc04_as3352__to__rrc05_as12880,none,lstm,fusion_early,,0.7043,,,0.0754,,,0.0799,,,0.5171,
cross_as,rrc04_as3352__to__rrc05_as12880,none,lstm,fusion_late_attention,,0.3938,,,0.3103,,,0.2843,,,0.1767,
cross_as,rrc04_as3352__to__rrc05_as12880,none,lstm,fusion_late_mean,,0.0958,,,0.5136,,,0.3593,,,0.4591,
cross_as,rrc04_as3352__to__rrc05_as12880,none,lstm,fusion_late_or,,0.0958,,,0.8921,,,0.8906,,,0.1471,
cross_as,rrc04_as3352__to__rrc05_as12880,none,lstm,graph,,0.0958,,,0.8921,,,0.8906,,,0.1462,
cross_as,rrc04_as3352__to__rrc05_as12880,none,lstm,stat,,0.5879,,,0.1638,,,0.1585,,,0.4591,
cross_as,rrc04_as3352__to__rrc05_as12880,none,mlp,fusion_early,,0.47,,,0.3999,,,0.3242,,,0.2133,
cross_as,rrc04_as3352__to__rrc05_as12880,none,mlp,fusion_late_attention,,0.1117,,,0.766,,,0.6989,,,0.1475,
cross_as,rrc04_as3352__to__rrc05_as12880,none,mlp,fusion_late_mean,,0.0912,,,0.663,,,0.5571,,,0.1462,
cross_as,rrc04_as3352__to__rrc05_as12880,none,mlp,fusion_late_or,,0.0958,,,0.8828,,,0.874,,,0.2505,
cross_as,rrc04_as3352__to__rrc05_as12880,none,mlp,graph,,0.0958,,,0.8821,,,0.873,,,0.2369,
cross_as,rrc04_as3352__to__rrc05_as12880,none,mlp,stat,,0.3951,,,0.4719,,,0.3952,,,0.1742,
cross_as,rrc04_as3352__to__rrc05_as12880,none,random_forest,fusion_early,,0.1157,,,0.4841,,,0.334,,,0.0664,
cross_as,rrc04_as3352__to__rrc05_as12880,none,random_forest,fusion_late_attention,,0.0958,,,0.886,,,0.8847,,,0.071,
cross_as,rrc04_as3352__to__rrc05_as12880,none,random_forest,fusion_late_mean,,0.1419,,,0.4722,,,0.3271,,,0.0713,
cross_as,rrc04_as3352__to__rrc05_as12880,none,random_forest,fusion_late_or,,0.1189,,,0.547,,,0.4237,,,0.0924,
cross_as,rrc04_as3352__to__rrc05_as12880,none,random_forest,graph,,0.3286,,,0.3926,,,0.2485,,,0.1232,
cross_as,rrc04_as3352__to__rrc05_as12880,none,random_forest,stat,,0.1407,,,0.5575,,,0.4249,,,0.0708,
cross_as,rrc04_as3352__to__rrc05_as12880,none,xgboost,fusion_early,,0.0955,,,0.8721,,,0.8654,,,0.1124,
cross_as,rrc04_as3352__to__rrc05_as12880,none,xgboost,fusion_late_attention,,0.0968,,,0.8855,,,0.8814,,,0.1097,
cross_as,rrc04_as3352__to__rrc05_as12880,none,xgboost,fusion_late_mean,,0.1233,,,0.727,,,0.64,,,0.1123,
cross_as,rrc04_as3352__to__rrc05_as12880,none,xgboost,fusion_late_or,,0.0958,,,0.8653,,,0.8604,,,0.1007,
cross_as,rrc04_as3352__to__rrc05_as12880,none,xgboost,graph,,0.0958,,,0.62,,,0.4844,,,0.12,
cross_as,rrc04_as3352__to__rrc05_as12880,none,xgboost,stat,,0.1483,,,0.8351,,,0.8393,,,0.0993,
cross_as,rrc05_as12880__to__rrc04_as3352,equal,lstm,fusion_early,,0.0792,,,0.8271,,,0.7611,,,0.132,
cross_as,rrc05_as12880__to__rrc04_as3352,equal,lstm,fusion_late_mean,,0.0792,,,0.6649,,,0.5179,,,0.4585,
cross_as,rrc05_as12880__to__rrc04_as3352,equal,lstm,fusion_late_or,,0.0792,,,0.856,,,0.8074,,,0.2062,
cross_as,rrc05_as12880__to__rrc04_as3352,equal,lstm,graph,,0.0792,,,0.4738,,,0.3022,,,0.4078,
cross_as,rrc05_as12880__to__rrc04_as3352,equal,lstm,stat,,0.0792,,,0.856,,,0.8074,,,0.2062,
cross_as,rrc05_as12880__to__rrc04_as3352,equal,mlp,fusion_early,,0.1077,,,0.8004,,,0.7302,,,0.1543,
cross_as,rrc05_as12880__to__rrc04_as3352,equal,mlp,fusion_late_mean,,0.0842,,,0.5667,,,0.3987,,,0.2853,
cross_as,rrc05_as12880__to__rrc04_as3352,equal,mlp,fusion_late_or,,0.0806,,,0.7274,,,0.6186,,,0.2366,
cross_as,rrc05_as12880__to__rrc04_as3352,equal,mlp,graph,,0.3281,,,0.4061,,,0.2433,,,0.5186,
cross_as,rrc05_as12880__to__rrc04_as3352,equal,mlp,stat,,0.0806,,,0.7274,,,0.6186,,,0.2366,
cross_as,rrc05_as12880__to__rrc04_as3352,equal,random_forest,fusion_early,,0.0792,,,0.8278,,,0.7681,,,0.1378,
cross_as,rrc05_as12880__to__rrc04_as3352,equal,random_forest,fusion_late_mean,,0.0792,,,0.8323,,,0.7722,,,0.1211,
cross_as,rrc05_as12880__to__rrc04_as3352,equal,random_forest,fusion_late_or,,0.0792,,,0.8695,,,0.8369,,,0.1227,
cross_as,rrc05_as12880__to__rrc04_as3352,equal,random_forest,graph,,0.0792,,,0.7949,,,0.7105,,,0.0903,
cross_as,rrc05_as12880__to__rrc04_as3352,equal,random_forest,stat,,0.0792,,,0.8696,,,0.8369,,,0.1227,
cross_as,rrc05_as12880__to__rrc04_as3352,equal,xgboost,fusion_early,,0.0792,,,0.9135,,,0.9131,,,0.172,
cross_as,rrc05_as12880__to__rrc04_as3352,equal,xgboost,fusion_late_mean,,0.0792,,,0.9106,,,0.908,,,0.0958,
cross_as,rrc05_as12880__to__rrc04_as3352,equal,xgboost,fusion_late_or,,0.0792,,,0.9129,,,0.9122,,,0.0813,
cross_as,rrc05_as12880__to__rrc04_as3352,equal,xgboost,graph,,0.0792,,,0.9084,,,0.9037,,,0.0957,
cross_as,rrc05_as12880__to__rrc04_as3352,equal,xgboost,stat,,0.0792,,,0.9129,,,0.9122,,,0.081,
cross_as,rrc05_as12880__to__rrc04_as3352,none,lstm,fusion_early,,0.0792,,,0.8907,,,0.8735,,,0.0595,
cross_as,rrc05_as12880__to__rrc04_as3352,none,lstm,fusion_late_mean,,0.0792,,,0.6992,,,0.5681,,,0.1036,
cross_as,rrc05_as12880__to__rrc04_as3352,none,lstm,fusion_late_or,,0.0792,,,0.9089,,,0.9056,,,0.0632,
cross_as,rrc05_as12880__to__rrc04_as3352,none,lstm,graph,,0.0792,,,0.4895,,,0.3187,,,0.0981,
cross_as,rrc05_as12880__to__rrc04_as3352,none,lstm,stat,,0.0792,,,0.9089,,,0.9056,,,0.0632,
cross_as,rrc05_as12880__to__rrc04_as3352,none,mlp,fusion_early,,0.0881,,,0.7868,,,0.714,,,0.12,
cross_as,rrc05_as12880__to__rrc04_as3352,none,mlp,fusion_late_mean,,0.1651,,,0.5791,,,0.4158,,,0.2458,
cross_as,rrc05_as12880__to__rrc04_as3352,none,mlp,fusion_late_or,,0.0825,,,0.7664,,,0.6737,,,0.1603,
cross_as,rrc05_as12880__to__rrc04_as3352,none,mlp,graph,,0.3453,,,0.4108,,,0.2422,,,0.5216,
cross_as,rrc05_as12880__to__rrc04_as3352,none,mlp,stat,,0.0825,,,0.7663,,,0.6736,,,0.1603,
cross_as,rrc05_as12880__to__rrc04_as3352,none,random_forest,fusion_early,,0.0791,,,0.6039,,,0.4482,,,0.1634,
cross_as,rrc05_as12880__to__rrc04_as3352,none,random_forest,fusion_late_mean,,0.0792,,,0.6956,,,0.5667,,,0.1269,
cross_as,rrc05_as12880__to__rrc04_as3352,none,random_forest,fusion_late_or,,0.0792,,,0.7255,,,0.6065,,,0.1358,
cross_as,rrc05_as12880__to__rrc04_as3352,none,random_forest,graph,,0.0792,,,0.7043,,,0.5749,,,0.0908,
cross_as,rrc05_as12880__to__rrc04_as3352,none,random_forest,stat,,0.079,,,0.6882,,,0.5613,,,0.1283,
cross_as,rrc05_as12880__to__rrc04_as3352,none,xgboost,fusion_early,,0.0792,,,0.9139,,,0.9138,,,0.1442,
cross_as,rrc05_as12880__to__rrc04_as3352,none,xgboost,fusion_late_mean,,0.0792,,,0.9086,,,0.9042,,,0.0963,
cross_as,rrc05_as12880__to__rrc04_as3352,none,xgboost,fusion_late_or,,0.0792,,,0.9138,,,0.9137,,,0.0856,
cross_as,rrc05_as12880__to__rrc04_as3352,none,xgboost,graph,,0.0792,,,0.9033,,,0.8946,,,0.0968,
cross_as,rrc05_as12880__to__rrc04_as3352,none,xgboost,stat,,0.0791,,,0.9139,,,0.9138,,,0.0856,
cross_as,rrc05_as12880__to__rrc04_as3352__core10,equal,lstm,core10,,0.0536,,,0.8336,,,0.7498,,,0.0568,
cross_as,rrc05_as12880__to__rrc04_as3352__core10,equal,mlp,core10,,0.0926,,,0.7807,,,0.7086,,,0.0599,
cross_as,rrc05_as12880__to__rrc04_as3352__core10,equal,random_forest,core10,,0.0792,,,0.8095,,,0.749,,,0.0621,
cross_as,rrc05_as12880__to__rrc04_as3352__core10,equal,xgboost,core10,,0.0792,,,0.9135,,,0.9134,,,0.0586,
cross_as,rrc05_as12880__to__rrc04_as3352__core10,none,lstm,core10,,0.0801,,,0.7964,,,0.7231,,,0.1116,
cross_as,rrc05_as12880__to__rrc04_as3352__core10,none,mlp,core10,,0.15,,,0.8042,,,0.754,,,0.0786,
cross_as,rrc05_as12880__to__rrc04_as3352__core10,none,random_forest,core10,,0.2349,,,0.5162,,,0.3522,,,0.1085,
cross_as,rrc05_as12880__to__rrc04_as3352__core10,none,xgboost,core10,,0.0794,,,0.8929,,,0.8751,,,0.0885,
cross_as,rrc05_as12880__to__rrc05_as3352,equal,lstm,fusion_early,,0.0474,,,0.8074,,,0.7026,,,0.0646,
cross_as,rrc05_as12880__to__rrc05_as3352,equal,lstm,fusion_late_attention,,0.0474,,,0.8814,,,0.8244,,,0.0581,
cross_as,rrc05_as12880__to__rrc05_as3352,equal,lstm,fusion_late_mean,,0.0474,,,0.6305,,,0.4458,,,0.0578,
cross_as,rrc05_as12880__to__rrc05_as3352,equal,lstm,fusion_late_or,,0.0474,,,0.8213,,,0.7249,,,0.0593,
cross_as,rrc05_as12880__to__rrc05_as3352,equal,lstm,graph,,0.4113,,,0.4409,,,0.2412,,,0.0639,
cross_as,rrc05_as12880__to__rrc05_as3352,equal,lstm,stat,,0.0474,,,0.8213,,,0.7249,,,0.0593,
cross_as,rrc05_as12880__to__rrc05_as3352,equal,mlp,fusion_early,,0.0794,,,0.7934,,,0.6904,,,0.2759,
cross_as,rrc05_as12880__to__rrc05_as3352,equal,mlp,fusion_late_attention,,0.1404,,,0.7422,,,0.6216,,,0.3152,
cross_as,rrc05_as12880__to__rrc05_as3352,equal,mlp,fusion_late_mean,,0.1911,,,0.5526,,,0.3556,,,0.2693,
cross_as,rrc05_as12880__to__rrc05_as3352,equal,mlp,fusion_late_or,,0.1409,,,0.7178,,,0.5797,,,0.3513,
cross_as,rrc05_as12880__to__rrc05_as3352,equal,mlp,graph,,0.4479,,,0.3942,,,0.2025,,,0.083,
cross_as,rrc05_as12880__to__rrc05_as3352,equal,mlp,stat,,0.142,,,0.7135,,,0.5762,,,0.3513,
cross_as,rrc05_as12880__to__rrc05_as3352,equal,random_forest,fusion_early,,0.0474,,,0.86,,,0.7852,,,0.3063,
cross_as,rrc05_as12880__to__rrc05_as3352,equal,random_forest,fusion_late_attention,,0.0474,,,0.936,,,0.9234,,,0.1916,
cross_as,rrc05_as12880__to__rrc05_as3352,equal,random_forest,fusion_late_mean,,0.0474,,,0.8294,,,0.7347,,,0.1739,
cross_as,rrc05_as12880__to__rrc05_as3352,equal,random_forest,fusion_late_or,,0.0474,,,0.9046,,,0.8651,,,0.1658,
cross_as,rrc05_as12880__to__rrc05_as3352,equal,random_forest,graph,,0.0474,,,0.7545,,,0.6162,,,0.1233,
cross_as,rrc05_as12880__to__rrc05_as3352,equal,random_forest,stat,,0.0474,,,0.9046,,,0.8651,,,0.1658,
cross_as,rrc05_as12880__to__rrc05_as3352,equal,xgboost,fusion_early,,0.0474,,,0.9498,,,0.9494,,,0.3056,
cross_as,rrc05_as12880__to__rrc05_as3352,equal,xgboost,fusion_late_attention,,0.0474,,,0.9414,,,0.9336,,,0.1361,
cross_as,rrc05_as12880__to__rrc05_as3352,equal,xgboost,fusion_late_mean,,0.0474,,,0.9311,,,0.9143,,,0.1341,
cross_as,rrc05_as12880__to__rrc05_as3352,equal,xgboost,fusion_late_or,,0.0474,,,0.9497,,,0.9493,,,0.1852,
cross_as,rrc05_as12880__to__rrc05_as3352,equal,xgboost,graph,,0.0474,,,0.9124,,,0.8805,,,0.1254,
cross_as,rrc05_as12880__to__rrc05_as3352,equal,xgboost,stat,,0.0474,,,0.9497,,,0.9493,,,0.1852,
cross_as,rrc05_as12880__to__rrc05_as3352,none,lstm,fusion_early,,0.0474,,,0.9071,,,0.8719,,,0.0638,
cross_as,rrc05_as12880__to__rrc05_as3352,none,lstm,fusion_late_attention,,0.0474,,,0.8993,,,0.8562,,,0.0601,
cross_as,rrc05_as12880__to__rrc05_as3352,none,lstm,fusion_late_mean,,0.0474,,,0.7398,,,0.595,,,0.088,
cross_as,rrc05_as12880__to__rrc05_as3352,none,lstm,fusion_late_or,,0.0474,,,0.9227,,,0.8988,,,0.0627,
cross_as,rrc05_as12880__to__rrc05_as3352,none,lstm,graph,,0.0474,,,0.5573,,,0.3591,,,0.1176,
cross_as,rrc05_as12880__to__rrc05_as3352,none,lstm,stat,,0.0474,,,0.9227,,,0.8988,,,0.0627,
cross_as,rrc05_as12880__to__rrc05_as3352,none,mlp,fusion_early,,0.0474,,,0.8457,,,0.7721,,,0.0933,
cross_as,rrc05_as12880__to__rrc05_as3352,none,mlp,fusion_late_attention,,0.0476,,,0.8382,,,0.7588,,,0.0901,
cross_as,rrc05_as12880__to__rrc05_as3352,none,mlp,fusion_late_mean,,0.0665,,,0.6111,,,0.4295,,,0.0917,
cross_as,rrc05_as12880__to__rrc05_as3352,none,mlp,fusion_late_or,,0.0474,,,0.8184,,,0.7253,,,0.1474,
cross_as,rrc05_as12880__to__rrc05_as3352,none,mlp,graph,,0.4016,,,0.4263,,,0.265,,,0.0835,
cross_as,rrc05_as12880__to__rrc05_as3352,none,mlp,stat,,0.0474,,,0.7995,,,0.6971,,,0.1459,
cross_as,rrc05_as12880__to__rrc05_as3352,none,random_forest,fusion_early,,0.0474,,,0.6638,,,0.4856,,,0.3717,
cross_as,rrc05_as12880__to__rrc05_as3352,none,random_forest,fusion_late_attention,,0.0474,,,0.9495,,,0.9488,,,0.3013,
cross_as,rrc05_as12880__to__rrc05_as3352,none,random_forest,fusion_late_mean,,0.0474,,,0.7168,,,0.5596,,,0.3069,
cross_as,rrc05_as12880__to__rrc05_as3352,none,random_forest,fusion_late_or,,0.0474,,,0.7473,,,0.6032,,,0.2906,
cross_as,rrc05_as12880__to__rrc05_as3352,none,random_forest,graph,,0.0474,,,0.6895,,,0.5221,,,0.1234,
cross_as,rrc05_as12880__to__rrc05_as3352,none,random_forest,stat,,0.0474,,,0.7447,,,0.5998,,,0.2892,
cross_as,rrc05_as12880__to__rrc05_as3352,none,xgboost,fusion_early,,0.0474,,,0.9501,,,0.95,,,0.299,
cross_as,rrc05_as12880__to__rrc05_as3352,none,xgboost,fusion_late_attention,,0.0474,,,0.95,,,0.9498,,,0.1405,
cross_as,rrc05_as12880__to__rrc05_as3352,none,xgboost,fusion_late_mean,,0.0474,,,0.9372,,,0.9255,,,0.1407,
cross_as,rrc05_as12880__to__rrc05_as3352,none,xgboost,fusion_late_or,,0.0474,,,0.9501,,,0.9501,,,0.1343,
cross_as,rrc05_as12880__to__rrc05_as3352,none,xgboost,graph,,0.0474,,,0.9242,,,0.9014,,,0.136,
cross_as,rrc05_as12880__to__rrc05_as3352,none,xgboost,stat,,0.0474,,,0.9501,,,0.9501,,,0.1343,
cross_as,rrc05_as3352__to__rrc04_as12880,equal,lstm,fusion_early,,0.8484,,,0.1739,,,0.0788,,,0.6866,
cross_as,rrc05_as3352__to__rrc04_as12880,equal,lstm,fusion_late_mean,,0.8546,,,0.3016,,,0.1353,,,0.7387,
cross_as,rrc05_as3352__to__rrc04_as12880,equal,lstm,fusion_late_or,,0.8145,,,0.3786,,,0.1987,,,0.7059,
cross_as,rrc05_as3352__to__rrc04_as12880,equal,lstm,graph,,0.4869,,,0.3361,,,0.2098,,,0.1115,
cross_as,rrc05_as3352__to__rrc04_as12880,equal,lstm,stat,,0.862,,,0.1996,,,0.0855,,,0.743,
cross_as,rrc05_as3352__to__rrc04_as12880,equal,mlp,fusion_early,,0.669,,,0.4006,,,0.2076,,,0.8306,
cross_as,rrc05_as3352__to__rrc04_as12880,equal,mlp,fusion_late_mean,,0.6893,,,0.4213,,,0.2255,,,0.7988,
cross_as,rrc05_as3352__to__rrc04_as12880,equal,mlp,fusion_late_or,,0.6473,,,0.4271,,,0.2345,,,0.7826,
cross_as,rrc05_as3352__to__rrc04_as12880,equal,mlp,graph,,0.4636,,,0.3825,,,0.2426,,,0.1098,
cross_as,rrc05_as3352__to__rrc04_as12880,equal,mlp,stat,,0.6968,,,0.4068,,,0.2164,,,0.8045,
cross_as,rrc05_as3352__to__rrc04_as12880,equal,random_forest,fusion_early,,0.0973,,,0.632,,,0.4938,,,0.1696,
cross_as,rrc05_as3352__to__rrc04_as12880,equal,random_forest,fusion_late_mean,,0.1022,,,0.6022,,,0.4459,,,0.5302,
cross_as,rrc05_as3352__to__rrc04_as12880,equal,random_forest,fusion_late_or,,0.0973,,,0.7377,,,0.6388,,,0.1914,
cross_as,rrc05_as3352__to__rrc04_as12880,equal,random_forest,graph,,0.0973,,,0.7367,,,0.6389,,,0.1085,
cross_as,rrc05_as3352__to__rrc04_as12880,equal,random_forest,stat,,0.2922,,,0.467,,,0.2987,,,0.5313,
cross_as,rrc05_as3352__to__rrc04_as12880,equal,xgboost,fusion_early,,0.3116,,,0.5336,,,0.3809,,,0.6956,
cross_as,rrc05_as3352__to__rrc04_as12880,equal,xgboost,fusion_late_mean,,0.1327,,,0.6316,,,0.481,,,0.5471,
cross_as,rrc05_as3352__to__rrc04_as12880,equal,xgboost,fusion_late_or,,0.0973,,,0.8688,,,0.8503,,,0.3479,
cross_as,rrc05_as3352__to__rrc04_as12880,equal,xgboost,graph,,0.0973,,,0.8683,,,0.8501,,,0.1076,
cross_as,rrc05_as3352__to__rrc04_as12880,equal,xgboost,stat,,0.5186,,,0.395,,,0.2691,,,0.5502,
cross_as,rrc05_as3352__to__rrc04_as12880,none,lstm,fusion_early,,0.7971,,,0.165,,,0.0908,,,0.6957,
cross_as,rrc05_as3352__to__rrc04_as12880,none,lstm,fusion_late_mean,,0.8481,,,0.2324,,,0.1043,,,0.7015,
cross_as,rrc05_as3352__to__rrc04_as12880,none,lstm,fusion_late_or,,0.8288,,,0.3213,,,0.1527,,,0.6951,
cross_as,rrc05_as3352__to__rrc04_as12880,none,lstm,graph,,0.4715,,,0.2532,,,0.1611,,,0.1159,
cross_as,rrc05_as3352__to__rrc04_as12880,none,lstm,stat,,0.8288,,,0.1602,,,0.0841,,,0.6955,
cross_as,rrc05_as3352__to__rrc04_as12880,none,mlp,fusion_early,,0.8711,,,0.2945,,,0.127,,,0.8311,
cross_as,rrc05_as3352__to__rrc04_as12880,none,mlp,fusion_late_mean,,0.8518,,,0.3686,,,0.1796,,,0.7971,
cross_as,rrc05_as3352__to__rrc04_as12880,none,mlp,fusion_late_or,,0.5803,,,0.4334,,,0.2399,,,0.7875,
cross_as,rrc05_as3352__to__rrc04_as12880,none,mlp,graph,,0.4674,,,0.391,,,0.2509,,,0.1078,
cross_as,rrc05_as3352__to__rrc04_as12880,none,mlp,stat,,0.8733,,,0.2958,,,0.1295,,,0.8246,
cross_as,rrc05_as3352__to__rrc04_as12880,none,random_forest,fusion_early,,0.4881,,,0.2958,,,0.1816,,,0.153,
cross_as,rrc05_as3352__to__rrc04_as12880,none,random_forest,fusion_late_mean,,0.5661,,,0.2459,,,0.143,,,0.4203,
cross_as,rrc05_as3352__to__rrc04_as12880,none,random_forest,fusion_late_or,,0.4223,,,0.3901,,,0.2441,,,0.1922,
cross_as,rrc05_as3352__to__rrc04_as12880,none,random_forest,graph,,0.3612,,,0.3857,,,0.2447,,,0.1082,
cross_as,rrc05_as3352__to__rrc04_as12880,none,random_forest,stat,,0.5719,,,0.1092,,,0.0893,,,0.4215,
cross_as,rrc05_as3352__to__rrc04_as12880,none,xgboost,fusion_early,,0.2365,,,0.6749,,,0.5526,,,0.5409,
cross_as,rrc05_as3352__to__rrc04_as12880,none,xgboost,fusion_late_mean,,0.6436,,,0.2667,,,0.165,,,0.4469,
cross_as,rrc05_as3352__to__rrc04_as12880,none,xgboost,fusion_late_or,,0.2931,,,0.4551,,,0.3233,,,0.4625,
cross_as,rrc05_as3352__to__rrc04_as12880,none,xgboost,graph,,0.2349,,,0.3137,,,0.2338,,,0.1077,
cross_as,rrc05_as3352__to__rrc04_as12880,none,xgboost,stat,,0.6459,,,0.2211,,,0.1922,,,0.4834,
cross_as,rrc05_as3352__to__rrc04_as12880__core10,equal,lstm,core10,,0.7756,,,0.1223,,,0.0678,,,0.7098,
cross_as,rrc05_as3352__to__rrc04_as12880__core10,equal,mlp,core10,,0.8087,,,0.3518,,,0.1766,,,0.7195,
cross_as,rrc05_as3352__to__rrc04_as12880__core10,equal,random_forest,core10,,0.1844,,,0.4894,,,0.3082,,,0.5964,
cross_as,rrc05_as3352__to__rrc04_as12880__core10,equal,xgboost,core10,,0.7586,,,0.2945,,,0.1493,,,0.6349,
cross_as,rrc05_as3352__to__rrc04_as12880__core10,none,lstm,core10,,0.7935,,,0.0384,,,0.0534,,,0.7042,
cross_as,rrc05_as3352__to__rrc04_as12880__core10,none,mlp,core10,,0.8286,,,0.24,,,0.1041,,,0.7547,
cross_as,rrc05_as3352__to__rrc04_as12880__core10,none,random_forest,core10,,0.5277,,,0.1569,,,0.1044,,,0.3273,
cross_as,rrc05_as3352__to__rrc04_as12880__core10,none,xgboost,core10,,0.7281,,,0.202,,,0.125,,,0.4497,
cross_as,rrc05_as3352__to__rrc05_as12880,equal,lstm,fusion_early,,0.8198,,,0.2407,,,0.1175,,,0.6299,
cross_as,rrc05_as3352__to__rrc05_as12880,equal,lstm,fusion_late_mean,,0.8119,,,0.3108,,,0.1495,,,0.689,
cross_as,rrc05_as3352__to__rrc05_as12880,equal,lstm,fusion_late_or,,0.8356,,,0.3613,,,0.1844,,,0.7362,
cross_as,rrc05_as3352__to__rrc05_as12880,equal,lstm,graph,,0.472,,,0.3176,,,0.1959,,,0.267,
cross_as,rrc05_as3352__to__rrc05_as12880,equal,lstm,stat,,0.8356,,,0.2464,,,0.1158,,,0.6881,
cross_as,rrc05_as3352__to__rrc05_as12880,equal,mlp,fusion_early,,0.6498,,,0.3764,,,0.2003,,,0.7035,
cross_as,rrc05_as3352__to__rrc05_as12880,equal,mlp,fusion_late_mean,,0.6315,,,0.4166,,,0.2284,,,0.6921,
cross_as,rrc05_as3352__to__rrc05_as12880,equal,mlp,fusion_late_or,,0.6288,,,0.419,,,0.2329,,,0.7059,
cross_as,rrc05_as3352__to__rrc05_as12880,equal,mlp,graph,,0.4731,,,0.3794,,,0.2388,,,0.2024,
cross_as,rrc05_as3352__to__rrc05_as12880,equal,mlp,stat,,0.6288,,,0.4068,,,0.223,,,0.69,
cross_as,rrc05_as3352__to__rrc05_as12880,equal,random_forest,fusion_early,,0.0958,,,0.5962,,,0.4429,,,0.4016,
cross_as,rrc05_as3352__to__rrc05_as12880,equal,random_forest,fusion_late_mean,,0.0958,,,0.626,,,0.4625,,,0.7315,
cross_as,rrc05_as3352__to__rrc05_as12880,equal,random_forest,fusion_late_or,,0.0958,,,0.736,,,0.6351,,,0.1786,
cross_as,rrc05_as3352__to__rrc05_as12880,equal,random_forest,graph,,0.0958,,,0.7351,,,0.6352,,,0.1073,
cross_as,rrc05_as3352__to__rrc05_as12880,equal,random_forest,stat,,0.1085,,,0.5162,,,0.3209,,,0.7542,
cross_as,rrc05_as3352__to__rrc05_as12880,equal,xgboost,fusion_early,,0.121,,,0.6611,,,0.516,,,0.7161,
cross_as,rrc05_as3352__to__rrc05_as12880,equal,xgboost,fusion_late_mean,,0.0955,,,0.7081,,,0.58,,,0.7665,
cross_as,rrc05_as3352__to__rrc05_as12880,equal,xgboost,fusion_late_or,,0.0958,,,0.8571,,,0.8274,,,0.4425,
cross_as,rrc05_as3352__to__rrc05_as12880,equal,xgboost,graph,,0.0958,,,0.8557,,,0.8274,,,0.1069,
cross_as,rrc05_as3352__to__rrc05_as12880,equal,xgboost,stat,,0.3044,,,0.5609,,,0.3925,,,0.7829,
cross_as,rrc05_as3352__to__rrc05_as12880,none,lstm,fusion_early,,0.748,,,0.2335,,,0.1253,,,0.6078,
cross_as,rrc05_as3352__to__rrc05_as12880,none,lstm,fusion_late_mean,,0.8111,,,0.2792,,,0.1378,,,0.6418,
cross_as,rrc05_as3352__to__rrc05_as12880,none,lstm,fusion_late_or,,0.7168,,,0.3294,,,0.1688,,,0.6577,
cross_as,rrc05_as3352__to__rrc05_as12880,none,lstm,graph,,0.472,,,0.2515,,,0.1564,,,0.2481,
cross_as,rrc05_as3352__to__rrc05_as12880,none,lstm,stat,,0.7168,,,0.2671,,,0.1419,,,0.6412,
cross_as,rrc05_as3352__to__rrc05_as12880,none,mlp,fusion_early,,0.8374,,,0.2819,,,0.1305,,,0.7015,
cross_as,rrc05_as3352__to__rrc05_as12880,none,mlp,fusion_late_mean,,0.8316,,,0.3424,,,0.1686,,,0.6969,
cross_as,rrc05_as3352__to__rrc05_as12880,none,mlp,fusion_late_or,,0.8344,,,0.4081,,,0.2238,,,0.6699,
cross_as,rrc05_as3352__to__rrc05_as12880,none,mlp,graph,,0.4984,,,0.3723,,,0.2334,,,0.1468,
cross_as,rrc05_as3352__to__rrc05_as12880,none,mlp,stat,,0.8337,,,0.2679,,,0.1235,,,0.6954,
cross_as,rrc05_as3352__to__rrc05_as12880,none,random_forest,fusion_early,,0.4765,,,0.2589,,,0.1591,,,0.2049,
cross_as,rrc05_as3352__to__rrc05_as12880,none,random_forest,fusion_late_mean,,0.5321,,,0.2936,,,0.1521,,,0.5905,
cross_as,rrc05_as3352__to__rrc05_as12880,none,random_forest,fusion_late_or,,0.5186,,,0.3747,,,0.2316,,,0.1872,
cross_as,rrc05_as3352__to__rrc05_as12880,none,random_forest,graph,,0.49,,,0.3698,,,0.2326,,,0.1084,
cross_as,rrc05_as3352__to__rrc05_as12880,none,random_forest,stat,,0.5505,,,0.1927,,,0.0997,,,0.6344,
cross_as,rrc05_as3352__to__rrc05_as12880,none,xgboost,fusion_early,,0.0953,,,0.852,,,0.8146,,,0.5484,
cross_as,rrc05_as3352__to__rrc05_as12880,none,xgboost,fusion_late_mean,,0.4677,,,0.3872,,,0.2575,,,0.2312,
cross_as,rrc05_as3352__to__rrc05_as12880,none,xgboost,fusion_late_or,,0.2814,,,0.5726,,,0.4315,,,0.6621,
cross_as,rrc05_as3352__to__rrc05_as12880,none,xgboost,graph,,0.4241,,,0.2651,,,0.1987,,,0.1088,
cross_as,rrc05_as3352__to__rrc05_as12880,none,xgboost,stat,,0.3274,,,0.5528,,,0.4145,,,0.6613,
cross_as,rrc05_as3352__to__rrc05_as12880__core10,equal,lstm,core10,,0.7654,,,0.1435,,,0.0714,,,0.7391,
cross_as,rrc05_as3352__to__rrc05_as12880__core10,equal,mlp,core10,,0.7717,,,0.3577,,,0.1795,,,0.699,
cross_as,rrc05_as3352__to__rrc05_as12880__core10,equal,random_forest,core10,,0.3534,,,0.4523,,,0.2757,,,0.5157,
cross_as,rrc05_as3352__to__rrc05_as12880__core10,equal,xgboost,core10,,0.6775,,,0.2481,,,0.1354,,,0.5777,
cross_as,rrc05_as3352__to__rrc05_as12880__core10,none,lstm,core10,,0.7936,,,0.0565,,,0.0511,,,0.751,
cross_as,rrc05_as3352__to__rrc05_as12880__core10,none,mlp,core10,,0.7958,,,0.2375,,,0.1056,,,0.7491,
cross_as,rrc05_as3352__to__rrc05_as12880__core10,none,random_forest,core10,,0.5307,,,0.1374,,,0.0896,,,0.5003,
cross_as,rrc05_as3352__to__rrc05_as12880__core10,none,xgboost,core10,,0.6965,,,0.0728,,,0.0778,,,0.4455,
same_as,rrc04_as12880__to__rrc05_as12880,equal,lstm,fusion_early,0.8494,0.855,0.7977,0.128,0.1243,0.1419,0.0715,0.063,0.0716,0.778,0.821,0.821
same_as,rrc04_as12880__to__rrc05_as12880,equal,lstm,fusion_late_attention,0.8417,0.8438,0.8451,0.0998,0.1087,0.1013,0.0609,0.0579,0.0585,0.7966,0.8305,0.8305
same_as,rrc04_as12880__to__rrc05_as12880,equal,lstm,fusion_late_mean,0.8458,0.8711,0.8224,0.0895,0.2483,0.1237,0.0582,0.0986,0.0608,0.7483,0.8301,0.8304
same_as,rrc04_as12880__to__rrc05_as12880,equal,lstm,fusion_late_or,0.608,0.859,0.8201,0.4566,0.3957,0.4519,0.2582,0.2038,0.2532,0.7629,0.8262,0.8294
same_as,rrc04_as12880__to__rrc05_as12880,equal,lstm,graph,0.3826,0.4738,0.472,0.4036,0.3503,0.4047,0.2585,0.2181,0.2586,0.106,0.1957,0.1957
same_as,rrc04_as12880__to__rrc05_as12880,equal,lstm,stat,0.8452,0.8648,0.8201,0.0874,0.0817,0.1044,0.0581,0.0489,0.0567,0.7932,0.8306,0.8306
same_as,rrc04_as12880__to__rrc05_as12880,equal,mlp,fusion_early,0.7892,0.8226,0.703,0.17,0.1458,0.1432,0.0935,0.0759,0.0789,0.7817,0.8102,0.8102
same_as,rrc04_as12880__to__rrc05_as12880,equal,mlp,fusion_late_attention,0.8374,0.8432,0.8366,0.0644,0.0646,0.0758,0.0556,0.0514,0.0553,0.7717,0.7931,0.7932
same_as,rrc04_as12880__to__rrc05_as12880,equal,mlp,fusion_late_mean,0.6856,0.8469,0.82,0.1529,0.2498,0.0968,0.1146,0.1001,0.056,0.7402,0.7937,0.7931
same_as,rrc04_as12880__to__rrc05_as12880,equal,mlp,fusion_late_or,0.5373,0.8444,0.0958,0.5287,0.4304,0.4381,0.3722,0.2354,0.2439,0.6204,0.7943,0.7539
same_as,rrc04_as12880__to__rrc05_as12880,equal,mlp,graph,0.3215,0.5018,0.0958,0.4912,0.3894,0.3943,0.3766,0.2463,0.2502,0.106,0.2231,0.1309
same_as,rrc04_as12880__to__rrc05_as12880,equal,mlp,stat,0.8366,0.8467,0.82,0.0476,0.0483,0.0615,0.0514,0.0473,0.051,0.7717,0.7932,0.7932
same_as,rrc04_as12880__to__rrc05_as12880,equal,random_forest,fusion_early,0.1009,0.1004,0.0943,0.7938,0.5477,0.7029,0.72,0.3554,0.5654,0.5885,0.8099,0.8099
same_as,rrc04_as12880__to__rrc05_as12880,equal,random_forest,fusion_late_attention,0.0936,0.0939,0.0932,0.8236,0.7454,0.826,0.768,0.6301,0.7671,0.5409,0.8106,0.7962
same_as,rrc04_as12880__to__rrc05_as12880,equal,random_forest,fusion_late_mean,0.094,0.0941,0.0944,0.8525,0.5552,0.8158,0.8207,0.3721,0.7501,0.3128,0.7826,0.6729
same_as,rrc04_as12880__to__rrc05_as12880,equal,random_forest,fusion_late_or,0.0958,0.0958,0.0958,0.7592,0.5912,0.7245,0.6643,0.411,0.5987,0.5647,0.812,0.8049
same_as,rrc04_as12880__to__rrc05_as12880,equal,random_forest,graph,0.0974,0.0965,0.0976,0.5192,0.5136,0.4858,0.3646,0.3556,0.3266,0.1485,0.2423,0.2423
same_as,rrc04_as12880__to__rrc05_as12880,equal,random_forest,stat,0.0929,0.0927,0.0941,0.7528,0.5825,0.726,0.6546,0.3972,0.5998,0.5643,0.8048,0.8048
same_as,rrc04_as12880__to__rrc05_as12880,equal,xgboost,fusion_early,0.0933,0.0927,0.0931,0.881,0.8835,0.8766,0.8673,0.8708,0.8598,0.4193,0.8133,0.8133
same_as,rrc04_as12880__to__rrc05_as12880,equal,xgboost,fusion_late_attention,0.0937,0.0931,0.0935,0.8716,0.8802,0.8721,0.851,0.8665,0.8522,0.4197,0.3147,0.2394
same_as,rrc04_as12880__to__rrc05_as12880,equal,xgboost,fusion_late_mean,0.0938,0.0948,0.0945,0.8938,0.8196,0.8715,0.8913,0.7662,0.8516,0.142,0.203,0.1776
same_as,rrc04_as12880__to__rrc05_as12880,equal,xgboost,fusion_late_or,0.0958,0.0958,0.0958,0.8563,0.8768,0.8689,0.8235,0.8622,0.8473,0.4878,0.757,0.7564
same_as,rrc04_as12880__to__rrc05_as12880,equal,xgboost,graph,0.0998,0.1001,0.1015,0.5421,0.7602,0.5508,0.3884,0.681,0.3998,0.1323,0.1576,0.1576
same_as,rrc04_as12880__to__rrc05_as12880,equal,xgboost,stat,0.0933,0.0928,0.0935,0.8577,0.8795,0.8708,0.8251,0.8632,0.8495,0.4878,0.7564,0.7564
same_as,rrc04_as12880__to__rrc05_as12880,none,lstm,fusion_early,0.8596,0.761,0.8658,0.0399,0.2204,0.0507,0.0427,0.1106,0.0453,0.7905,0.831,0.831
same_as,rrc04_as12880__to__rrc05_as12880,none,lstm,fusion_late_attention,0.877,0.8026,0.8772,0.1031,0.1394,0.1029,0.0497,0.0769,0.0523,0.8049,0.8318,0.8319
same_as,rrc04_as12880__to__rrc05_as12880,none,lstm,fusion_late_mean,0.8768,0.8275,0.8775,0.0167,0.2881,0.0165,0.0363,0.1231,0.0366,0.8056,0.8324,0.8318
same_as,rrc04_as12880__to__rrc05_as12880,none,lstm,fusion_late_or,0.8772,0.8222,0.8774,0.0841,0.4354,0.0949,0.0428,0.2379,0.0445,0.7836,0.8373,0.813
same_as,rrc04_as12880__to__rrc05_as12880,none,lstm,graph,0.472,0.5064,0.472,0.0042,0.3881,0.0054,0.0948,0.2452,0.0948,0.1165,0.2671,0.0814
same_as,rrc04_as12880__to__rrc05_as12880,none,lstm,stat,0.8772,0.8252,0.8774,0.0156,0.1343,0.0251,0.0363,0.0702,0.0377,0.8034,0.8319,0.8319
same_as,rrc04_as12880__to__rrc05_as12880,none,mlp,fusion_early,0.8769,0.827,0.8703,0.0182,0.1833,0.0336,0.0352,0.0928,0.0379,0.8086,0.8241,0.8241
same_as,rrc04_as12880__to__rrc05_as12880,none,mlp,fusion_late_attention,0.8772,0.8372,0.8769,0.0784,0.0862,0.0775,0.0428,0.0576,0.0442,0.8075,0.8243,0.8243
same_as,rrc04_as12880__to__rrc05_as12880,none,mlp,fusion_late_mean,0.8769,0.8503,0.8785,0.024,0.2718,0.0216,0.0364,0.1107,0.0356,0.7952,0.8242,0.8243
same_as,rrc04_as12880__to__rrc05_as12880,none,mlp,fusion_late_or,0.8769,0.7,0.8511,0.064,0.4339,0.0865,0.0401,0.2363,0.0415,0.7676,0.8108,0.8237
same_as,rrc04_as12880__to__rrc05_as12880,none,mlp,graph,0.472,0.3968,0.489,0.0259,0.3914,0.0019,0.0973,0.248,0.0948,0.1036,0.1383,0.1802
same_as,rrc04_as12880__to__rrc05_as12880,none,mlp,stat,0.8769,0.8493,0.8785,0.0172,0.0892,0.0272,0.0354,0.0567,0.0356,0.8067,0.8243,0.8243
same_as,rrc04_as12880__to__rrc05_as12880,none,random_forest,fusion_early,0.2362,0.8323,0.0985,0.5517,0.314,0.2842,0.3708,0.1367,0.1298,0.7654,0.813,0.813
same_as,rrc04_as12880__to__rrc05_as12880,none,random_forest,fusion_late_attention,0.1715,0.0937,0.1432,0.8553,0.7864,0.6587,0.8229,0.698,0.523,0.7986,0.8215,0.8072
same_as,rrc04_as12880__to__rrc05_as12880,none,random_forest,fusion_late_mean,0.2819,0.8763,0.3579,0.5536,0.3122,0.1756,0.3765,0.1339,0.0964,0.664,0.8337,0.7973
same_as,rrc04_as12880__to__rrc05_as12880,none,random_forest,fusion_late_or,0.1295,0.8095,0.0934,0.5962,0.3471,0.3276,0.422,0.1605,0.1635,0.7497,0.8433,0.808
same_as,rrc04_as12880__to__rrc05_as12880,none,random_forest,graph,0.5425,0.6429,0.5197,0.0428,0.2232,0.0419,0.0921,0.1332,0.0914,0.3126,0.3641,0.3641
same_as,rrc04_as12880__to__rrc05_as12880,none,random_forest,stat,0.1295,0.7983,0.0934,0.5963,0.3378,0.329,0.4221,0.1552,0.164,0.7497,0.808,0.808
same_as,rrc04_as12880__to__rrc05_as12880,none,xgboost,fusion_early,0.0934,0.0941,0.093,0.8008,0.8631,0.8631,0.725,0.8352,0.8376,0.2823,0.8192,0.8192
same_as,rrc04_as12880__to__rrc05_as12880,none,xgboost,fusion_late_attention,0.096,0.0937,0.0943,0.874,0.8862,0.8865,0.8553,0.8779,0.8797,0.6084,0.3603,0.311
same_as,rrc04_as12880__to__rrc05_as12880,none,xgboost,fusion_late_mean,0.1487,0.3183,0.0952,0.6281,0.4991,0.7766,0.4732,0.3458,0.6954,0.4457,0.2888,0.2971
same_as,rrc04_as12880__to__rrc05_as12880,none,xgboost,fusion_late_or,0.0967,0.0962,0.0939,0.671,0.8053,0.8253,0.5229,0.7342,0.7719,0.5384,0.8062,0.8032
same_as,rrc04_as12880__to__rrc05_as12880,none,xgboost,graph,0.5663,0.5313,0.5734,0.0456,0.2257,0.0591,0.0906,0.1814,0.0941,0.2377,0.2525,0.2525
same_as,rrc04_as12880__to__rrc05_as12880,none,xgboost,stat,0.0966,0.0956,0.0934,0.6714,0.8051,0.826,0.5235,0.7332,0.7727,0.5339,0.8032,0.8032
same_as,rrc04_as3352__to__rrc05_as3352,equal,lstm,fusion_early,0.5028,0.5087,0.5021,0.0764,0.1807,0.0283,0.0572,0.0809,0.0499,0.0742,0.1151,0.1151
same_as,rrc04_as3352__to__rrc05_as3352,equal,lstm,fusion_late_attention,0.5014,0.502,0.5035,0.0898,0.0403,0.0415,0.0713,0.0507,0.0519,0.0547,0.0992,0.0917
same_as,rrc04_as3352__to__rrc05_as3352,equal,lstm,fusion_late_mean,0.4967,0.505,0.5033,0.0802,0.1854,0.0367,0.0662,0.0847,0.0527,0.0539,0.0923,0.0869
same_as,rrc04_as3352__to__rrc05_as3352,equal,lstm,fusion_late_or,0.511,0.5105,0.5064,0.2576,0.2241,0.0577,0.1325,0.1098,0.0719,0.0538,0.0918,0.0708
same_as,rrc04_as3352__to__rrc05_as3352,equal,lstm,graph,0.5096,0.5056,0.5058,0.2484,0.1798,0.0371,0.1224,0.0891,0.0627,0.0527,0.0576,0.0576
same_as,rrc04_as3352__to__rrc05_as3352,equal,lstm,stat,0.492,0.4997,0.491,0.0732,0.1916,0.0375,0.0624,0.0898,0.0564,0.0627,0.1366,0.1366
same_as,rrc04_as3352__to__rrc05_as3352,equal,mlp,fusion_early,0.5063,0.5049,0.5078,0.1358,0.1238,0.0946,0.0912,0.0874,0.0831,0.0611,0.0569,0.0569
same_as,rrc04_as3352__to__rrc05_as3352,equal,mlp,fusion_late_attention,0.4814,0.4959,0.4928,0.2842,0.134,0.1604,0.1999,0.0926,0.101,0.0555,0.0451,0.0464
same_as,rrc04_as3352__to__rrc05_as3352,equal,mlp,fusion_late_mean,0.4772,0.5002,0.4567,0.2383,0.2666,0.1978,0.1531,0.1286,0.1133,0.0521,0.0463,0.0473
same_as,rrc04_as3352__to__rrc05_as3352,equal,mlp,fusion_late_or,0.4609,0.3642,0.3826,0.3759,0.4531,0.4449,0.2773,0.2664,0.2817,0.0569,0.068,0.0718
same_as,rrc04_as3352__to__rrc05_as3352,equal,mlp,graph,0.4778,0.3818,0.4039,0.3473,0.4317,0.4198,0.247,0.2434,0.2559,0.0567,0.0761,0.0761
same_as,rrc04_as3352__to__rrc05_as3352,equal,mlp,stat,0.494,0.4944,0.4901,0.1693,0.1268,0.1034,0.1007,0.0942,0.0884,0.0563,0.0439,0.0439
same_as,rrc04_as3352__to__rrc05_as3352,equal,random_forest,fusion_early,0.3189,0.5403,0.2677,0.5204,0.4256,0.4667,0.3136,0.2198,0.2692,0.343,0.4407,0.4407
same_as,rrc04_as3352__to__rrc05_as3352,equal,random_forest,fusion_late_attention,0.4781,0.5824,0.5343,0.3753,0.3593,0.3649,0.1986,0.1813,0.1871,0.4936,0.5164,0.4837
same_as,rrc04_as3352__to__rrc05_as3352,equal,random_forest,fusion_late_mean,0.3386,0.6758,0.2721,0.5455,0.3751,0.4886,0.3704,0.1766,0.2852,0.3146,0.4793,0.4503
same_as,rrc04_as3352__to__rrc05_as3352,equal,random_forest,fusion_late_or,0.1139,0.0538,0.0474,0.6236,0.5636,0.691,0.4318,0.3603,0.5203,0.3624,0.2981,0.4057
same_as,rrc04_as3352__to__rrc05_as3352,equal,random_forest,graph,0.1135,0.0543,0.0474,0.616,0.5591,0.6852,0.4301,0.3606,0.5188,0.1176,0.1361,0.1361
same_as,rrc04_as3352__to__rrc05_as3352,equal,random_forest,stat,0.7063,0.7036,0.6968,0.1482,0.1904,0.1438,0.0655,0.0739,0.0667,0.4728,0.5427,0.5427
same_as,rrc04_as3352__to__rrc05_as3352,equal,xgboost,fusion_early,0.4077,0.5215,0.4222,0.513,0.3924,0.3952,0.3334,0.2434,0.282,0.3259,0.5039,0.5039
same_as,rrc04_as3352__to__rrc05_as3352,equal,xgboost,fusion_late_attention,0.592,0.6659,0.6097,0.2522,0.2818,0.2933,0.1256,0.1371,0.1418,0.398,0.4027,0.3443
same_as,rrc04_as3352__to__rrc05_as3352,equal,xgboost,fusion_late_mean,0.5866,0.6664,0.4671,0.3581,0.3768,0.4353,0.1966,0.1815,0.2422,0.3029,0.3651,0.328
same_as,rrc04_as3352__to__rrc05_as3352,equal,xgboost,fusion_late_or,0.3689,0.1101,0.0481,0.5204,0.6829,0.733,0.3281,0.5166,0.5875,0.4845,0.5282,0.5372
same_as,rrc04_as3352__to__rrc05_as3352,equal,xgboost,graph,0.3402,0.1142,0.0481,0.4891,0.6657,0.7149,0.3158,0.5078,0.5737,0.1158,0.1283,0.1283
same_as,rrc04_as3352__to__rrc05_as3352,equal,xgboost,stat,0.7088,0.7062,0.675,0.1236,0.088,0.1122,0.0672,0.0642,0.0745,0.497,0.5765,0.5765
same_as,rrc04_as3352__to__rrc05_as3352,none,lstm,fusion_early,0.5136,0.5481,0.4756,0.0492,0.1442,0.1199,0.0492,0.0604,0.0624,0.0753,0.4319,0.0295
same_as,rrc04_as3352__to__rrc05_as3352,none,lstm,fusion_late_attention,0.4991,0.1801,0.4038,0.1877,0.5929,0.5372,0.0905,0.4612,0.3418,0.0586,0.09,0.0589
same_as,rrc04_as3352__to__rrc05_as3352,none,lstm,fusion_late_mean,0.4991,0.5322,0.3675,0.0475,0.1663,0.083,0.0498,0.0737,0.0555,0.0587,0.2065,0.0898
same_as,rrc04_as3352__to__rrc05_as3352,none,lstm,fusion_late_or,0.5177,0.5305,0.3574,0.0499,0.2267,0.135,0.0499,0.1094,0.068,0.0693,0.1616,0.0537
same_as,rrc04_as3352__to__rrc05_as3352,none,lstm,graph,0.4945,0.503,0.3667,0.0483,0.2161,0.087,0.0502,0.1111,0.0599,0.0521,0.0574,0.0795
same_as,rrc04_as3352__to__rrc05_as3352,none,lstm,stat,0.5136,0.5389,0.4845,0.0459,0.1205,0.1071,0.049,0.0542,0.0597,0.078,0.4313,0.1087
same_as,rrc04_as3352__to__rrc05_as3352,none,mlp,fusion_early,0.5274,0.5656,0.5648,0.0415,0.0412,0.0399,0.046,0.0436,0.0452,0.2522,0.2861,0.2861
same_as,rrc04_as3352__to__rrc05_as3352,none,mlp,fusion_late_attention,0.5001,0.5782,0.5311,0.3588,0.0983,0.2912,0.3026,0.0662,0.1955,0.123,0.1611,0.1186
same_as,rrc04_as3352__to__rrc05_as3352,none,mlp,fusion_late_mean,0.452,0.5561,0.4691,0.286,0.1798,0.0954,0.2648,0.0892,0.0754,0.0877,0.1336,0.1069
same_as,rrc04_as3352__to__rrc05_as3352,none,mlp,fusion_late_or,0.452,0.4517,0.41,0.3011,0.3547,0.2044,0.3117,0.2208,0.1617,0.0504,0.0937,0.0813
same_as,rrc04_as3352__to__rrc05_as3352,none,mlp,graph,0.4495,0.4471,0.4077,0.3021,0.3537,0.2043,0.3127,0.2217,0.1629,0.0494,0.0752,0.0752
same_as,rrc04_as3352__to__rrc05_as3352,none,mlp,stat,0.5119,0.5409,0.5408,0.0468,0.0228,0.0437,0.0475,0.0437,0.0469,0.1908,0.2366,0.2366
same_as,rrc04_as3352__to__rrc05_as3352,none,random_forest,fusion_early,0.6402,0.5606,0.5565,0.2212,0.1631,0.0538,0.1035,0.0631,0.0378,0.393,0.4726,0.4726
same_as,rrc04_as3352__to__rrc05_as3352,none,random_forest,fusion_late_attention,0.7226,0.7848,0.6546,0.0628,0.1686,0.0836,0.034,0.059,0.0357,0.5947,0.6341,0.6292
same_as,rrc04_as3352__to__rrc05_as3352,none,random_forest,fusion_late_mean,0.717,0.5467,0.652,0.0278,0.1587,0.0275,0.0316,0.0573,0.0416,0.5491,0.6254,0.5784
same_as,rrc04_as3352__to__rrc05_as3352,none,random_forest,fusion_late_or,0.6992,0.584,0.5427,0.0588,0.2473,0.0604,0.0339,0.1015,0.0406,0.5515,0.3229,0.4351
same_as,rrc04_as3352__to__rrc05_as3352,none,random_forest,graph,0.5441,0.5525,0.4775,0.0242,0.2401,0.0412,0.0452,0.1035,0.0464,0.1373,0.1561,0.1561
same_as,rrc04_as3352__to__rrc05_as3352,none,random_forest,stat,0.6645,0.5237,0.7333,0.0184,0.0628,0.0256,0.0329,0.0362,0.0386,0.5254,0.5767,0.5767
same_as,rrc04_as3352__to__rrc05_as3352,none,xgboost,fusion_early,0.6368,0.6393,0.6285,0.1461,0.1285,0.1067,0.1012,0.0991,0.1059,0.3575,0.4219,0.4219
same_as,rrc04_as3352__to__rrc05_as3352,none,xgboost,fusion_late_attention,0.7847,0.792,0.7604,0.0511,0.0933,0.0649,0.035,0.0452,0.0404,0.599,0.5384,0.4919
same_as,rrc04_as3352__to__rrc05_as3352,none,xgboost,fusion_late_mean,0.774,0.6926,0.7509,0.0162,0.1054,0.0193,0.0302,0.048,0.0341,0.5595,0.5021,0.4786
same_as,rrc04_as3352__to__rrc05_as3352,none,xgboost,fusion_late_or,0.7792,0.6343,0.68,0.0342,0.224,0.0579,0.031,0.1073,0.0437,0.5688,0.4541,0.4766
same_as,rrc04_as3352__to__rrc05_as3352,none,xgboost,graph,0.5441,0.5163,0.5219,0.0197,0.2034,0.0598,0.0456,0.1148,0.0547,0.1155,0.1205,0.1205
same_as,rrc04_as3352__to__rrc05_as3352,none,xgboost,stat,0.7606,0.7421,0.772,0.0159,0.0244,0.0251,0.0312,0.0318,0.035,0.5566,0.6,0.6
same_as,rrc05_as12880__to__rrc04_as12880,equal,lstm,fusion_early,,0.3148,,,0.5743,,,0.418,,,0.8439,
same_as,rrc05_as12880__to__rrc04_as12880,equal,lstm,fusion_late_mean,,0.1877,,,0.5393,,,0.3793,,,0.3756,
same_as,rrc05_as12880__to__rrc04_as12880,equal,lstm,fusion_late_or,,0.1652,,,0.7036,,,0.5793,,,0.774,
same_as,rrc05_as12880__to__rrc04_as12880,equal,lstm,graph,,0.4957,,,0.4018,,,0.2756,,,0.1158,
same_as,rrc05_as12880__to__rrc04_as12880,equal,lstm,stat,,0.1931,,,0.677,,,0.5492,,,0.7743,
same_as,rrc05_as12880__to__rrc04_as12880,equal,mlp,fusion_early,,0.8493,,,0.2701,,,0.1163,,,0.8972,
same_as,rrc05_as12880__to__rrc04_as12880,equal,mlp,fusion_late_mean,,0.863,,,0.3705,,,0.1727,,,0.8451,
same_as,rrc05_as12880__to__rrc04_as12880,equal,mlp,fusion_late_or,,0.6199,,,0.4417,,,0.2365,,,0.883,
same_as,rrc05_as12880__to__rrc04_as12880,equal,mlp,graph,,0.4756,,,0.3849,,,0.2445,,,0.1094,
same_as,rrc05_as12880__to__rrc04_as12880,equal,mlp,stat,,0.8588,,,0.3017,,,0.1273,,,0.8978,
same_as,rrc05_as12880__to__rrc04_as12880,equal,random_forest,fusion_early,,0.0967,,,0.7553,,,0.6567,,,0.5912,
same_as,rrc05_as12880__to__rrc04_as12880,equal,random_forest,fusion_late_mean,,0.0967,,,0.6757,,,0.5516,,,0.1571,
same_as,rrc05_as12880__to__rrc04_as12880,equal,random_forest,fusion_late_or,,0.0973,,,0.833,,,0.7897,,,0.3218,
same_as,rrc05_as12880__to__rrc04_as12880,equal,random_forest,graph,,0.1213,,,0.518,,,0.3698,,,0.1326,
same_as,rrc05_as12880__to__rrc04_as12880,equal,random_forest,stat,,0.0968,,,0.833,,,0.7886,,,0.3205,
same_as,rrc05_as12880__to__rrc04_as12880,equal,xgboost,fusion_early,,0.1033,,,0.8835,,,0.8797,,,0.7052,
same_as,rrc05_as12880__to__rrc04_as12880,equal,xgboost,fusion_late_mean,,0.1023,,,0.7202,,,0.6243,,,0.1553,
same_as,rrc05_as12880__to__rrc04_as12880,equal,xgboost,fusion_late_or,,0.0983,,,0.8856,,,0.8824,,,0.7408,
same_as,rrc05_as12880__to__rrc04_as12880,equal,xgboost,graph,,0.253,,,0.5588,,,0.4412,,,0.1408,
same_as,rrc05_as12880__to__rrc04_as12880,equal,xgboost,stat,,0.1036,,,0.8837,,,0.8804,,,0.7403,
same_as,rrc05_as12880__to__rrc04_as12880,none,lstm,fusion_early,,0.1065,,,0.8589,,,0.8356,,,0.6026,
same_as,rrc05_as12880__to__rrc04_as12880,none,lstm,fusion_late_mean,,0.1017,,,0.6415,,,0.5115,,,0.1406,
same_as,rrc05_as12880__to__rrc04_as12880,none,lstm,fusion_late_or,,0.101,,,0.8771,,,0.8656,,,0.4299,
same_as,rrc05_as12880__to__rrc04_as12880,none,lstm,graph,,0.5009,,,0.4069,,,0.2786,,,0.1186,
same_as,rrc05_as12880__to__rrc04_as12880,none,lstm,stat,,0.1014,,,0.8762,,,0.8647,,,0.4299,
same_as,rrc05_as12880__to__rrc04_as12880,none,mlp,fusion_early,,0.7987,,,0.2804,,,0.1197,,,0.9093,
same_as,rrc05_as12880__to__rrc04_as12880,none,mlp,fusion_late_mean,,0.7856,,,0.3535,,,0.1605,,,0.8448,
same_as,rrc05_as12880__to__rrc04_as12880,none,mlp,fusion_late_or,,0.5048,,,0.4467,,,0.2437,,,0.8959,
same_as,rrc05_as12880__to__rrc04_as12880,none,mlp,graph,,0.4078,,,0.3805,,,0.2464,,,0.1092,
same_as,rrc05_as12880__to__rrc04_as12880,none,mlp,stat,,0.7852,,,0.2713,,,0.114,,,0.9085,
same_as,rrc05_as12880__to__rrc04_as12880,none,random_forest,fusion_early,,0.1319,,,0.5778,,,0.4112,,,0.538,
same_as,rrc05_as12880__to__rrc04_as12880,none,random_forest,fusion_late_mean,,0.1174,,,0.5542,,,0.4061,,,0.1341,
same_as,rrc05_as12880__to__rrc04_as12880,none,random_forest,fusion_late_or,,0.1045,,,0.7378,,,0.6491,,,0.1475,
same_as,rrc05_as12880__to__rrc04_as12880,none,random_forest,graph,,0.4892,,,0.3717,,,0.2453,,,0.1392,
same_as,rrc05_as12880__to__rrc04_as12880,none,random_forest,stat,,0.1062,,,0.7363,,,0.6465,,,0.1429,
same_as,rrc05_as12880__to__rrc04_as12880,none,xgboost,fusion_early,,0.1036,,,0.887,,,0.8866,,,0.7513,
same_as,rrc05_as12880__to__rrc04_as12880,none,xgboost,fusion_late_mean,,0.1035,,,0.5819,,,0.4517,,,0.138,
same_as,rrc05_as12880__to__rrc04_as12880,none,xgboost,fusion_late_or,,0.1018,,,0.887,,,0.8865,,,0.6983,
same_as,rrc05_as12880__to__rrc04_as12880,none,xgboost,graph,,0.4839,,,0.3012,,,0.242,,,0.1381,
same_as,rrc05_as12880__to__rrc04_as12880,none,xgboost,stat,,0.1033,,,0.887,,,0.8863,,,0.6983,
same_as,rrc05_as12880__to__rrc04_as12880__core10,equal,lstm,core10,,0.4071,,,0.4599,,,0.3044,,,0.7563,
same_as,rrc05_as12880__to__rrc04_as12880__core10,equal,mlp,core10,,0.656,,,0.3314,,,0.1729,,,0.7716,
same_as,rrc05_as12880__to__rrc04_as12880__core10,equal,random_forest,core10,,0.2119,,,0.5694,,,0.4141,,,0.6243,
same_as,rrc05_as12880__to__rrc04_as12880__core10,equal,xgboost,core10,,0.2421,,,0.7058,,,0.6483,,,0.6348,
same_as,rrc05_as12880__to__rrc04_as12880__core10,none,lstm,core10,,0.2866,,,0.6092,,,0.4945,,,0.7529,
same_as,rrc05_as12880__to__rrc04_as12880__core10,none,mlp,core10,,0.4087,,,0.4877,,,0.326,,,0.7558,
same_as,rrc05_as12880__to__rrc04_as12880__core10,none,random_forest,core10,,0.4225,,,0.3584,,,0.2328,,,0.4186,
same_as,rrc05_as12880__to__rrc04_as12880__core10,none,xgboost,core10,,0.2747,,,0.6642,,,0.6037,,,0.5038,
same_as,rrc05_as3352__to__rrc04_as3352,equal,lstm,fusion_early,,0.2262,,,0.535,,,0.3597,,,0.0733,
same_as,rrc05_as3352__to__rrc04_as3352,equal,lstm,fusion_late_mean,,0.2662,,,0.4626,,,0.2931,,,0.0668,
same_as,rrc05_as3352__to__rrc04_as3352,equal,lstm,fusion_late_or,,0.2161,,,0.5198,,,0.3556,,,0.0757,
same_as,rrc05_as3352__to__rrc04_as3352,equal,lstm,graph,,0.4179,,,0.427,,,0.249,,,0.0496,
same_as,rrc05_as3352__to__rrc04_as3352,equal,lstm,stat,,0.2515,,,0.5141,,,0.3486,,,0.0772,
same_as,rrc05_as3352__to__rrc04_as3352,equal,mlp,fusion_early,,0.2249,,,0.5442,,,0.3904,,,0.2139,
same_as,rrc05_as3352__to__rrc04_as3352,equal,mlp,fusion_late_mean,,0.4515,,,0.4319,,,0.2587,,,0.2605,
same_as,rrc05_as3352__to__rrc04_as3352,equal,mlp,fusion_late_or,,0.4069,,,0.4537,,,0.2786,,,0.2929,
same_as,rrc05_as3352__to__rrc04_as3352,equal,mlp,graph,,0.3281,,,0.4098,,,0.2475,,,0.051,
same_as,rrc05_as3352__to__rrc04_as3352,equal,mlp,stat,,0.4124,,,0.4509,,,0.2749,,,0.2942,
same_as,rrc05_as3352__to__rrc04_as3352,equal,random_forest,fusion_early,,0.1108,,,0.5448,,,0.3691,,,0.3009,
same_as,rrc05_as3352__to__rrc04_as3352,equal,random_forest,fusion_late_mean,,0.3098,,,0.5172,,,0.3406,,,0.3162,
same_as,rrc05_as3352__to__rrc04_as3352,equal,random_forest,fusion_late_or,,0.0792,,,0.6471,,,0.4944,,,0.2793,
same_as,rrc05_as3352__to__rrc04_as3352,equal,random_forest,graph,,0.0792,,,0.6375,,,0.4869,,,0.0958,
same_as,rrc05_as3352__to__rrc04_as3352,equal,random_forest,stat,,0.4546,,,0.3949,,,0.2519,,,0.329,
same_as,rrc05_as3352__to__rrc04_as3352,equal,xgboost,fusion_early,,0.4913,,,0.3626,,,0.2762,,,0.3287,
same_as,rrc05_as3352__to__rrc04_as3352,equal,xgboost,fusion_late_mean,,0.4207,,,0.55,,,0.3867,,,0.27,
same_as,rrc05_as3352__to__rrc04_as3352,equal,xgboost,fusion_late_or,,0.0804,,,0.7943,,,0.7077,,,0.2822,
same_as,rrc05_as3352__to__rrc04_as3352,equal,xgboost,graph,,0.0806,,,0.7784,,,0.6876,,,0.094,
same_as,rrc05_as3352__to__rrc04_as3352,equal,xgboost,stat,,0.5265,,,0.3216,,,0.2625,,,0.3196,
same_as,rrc05_as3352__to__rrc04_as3352,none,lstm,fusion_early,,0.3849,,,0.4519,,,0.3062,,,0.0846,
same_as,rrc05_as3352__to__rrc04_as3352,none,lstm,fusion_late_mean,,0.3423,,,0.4595,,,0.2938,,,0.0826,
same_as,rrc05_as3352__to__rrc04_as3352,none,lstm,fusion_late_or,,0.2985,,,0.5631,,,0.4199,,,0.0899,
same_as,rrc05_as3352__to__rrc04_as3352,none,lstm,graph,,0.4611,,,0.3977,,,0.2236,,,0.0512,
same_as,rrc05_as3352__to__rrc04_as3352,none,lstm,stat,,0.3225,,,0.5307,,,0.4007,,,0.0921,
same_as,rrc05_as3352__to__rrc04_as3352,none,mlp,fusion_early,,0.4467,,,0.428,,,0.2639,,,0.1584,
same_as,rrc05_as3352__to__rrc04_as3352,none,mlp,fusion_late_mean,,0.4022,,,0.4325,,,0.2638,,,0.1186,
same_as,rrc05_as3352__to__rrc04_as3352,none,mlp,fusion_late_or,,0.3277,,,0.4757,,,0.3136,,,0.1747,
same_as,rrc05_as3352__to__rrc04_as3352,none,mlp,graph,,0.4048,,,0.4172,,,0.2578,,,0.0796,
same_as,rrc05_as3352__to__rrc04_as3352,none,mlp,stat,,0.417,,,0.4406,,,0.2805,,,0.1715,
same_as,rrc05_as3352__to__rrc04_as3352,none,random_forest,fusion_early,,0.5077,,,0.1412,,,0.0907,,,0.2869,
same_as,rrc05_as3352__to__rrc04_as3352,none,random_forest,fusion_late_mean,,0.5023,,,0.1075,,,0.0805,,,0.3234,
same_as,rrc05_as3352__to__rrc04_as3352,none,random_forest,fusion_late_or,,0.5996,,,0.1691,,,0.0978,,,0.3253,
same_as,rrc05_as3352__to__rrc04_as3352,none,random_forest,graph,,0.4903,,,0.1242,,,0.0981,,,0.0819,
same_as,rrc05_as3352__to__rrc04_as3352,none,random_forest,stat,,0.5903,,,0.0786,,,0.0748,,,0.3437,
same_as,rrc05_as3352__to__rrc04_as3352,none,xgboost,fusion_early,,0.541,,,0.2173,,,0.1866,,,0.2882,
same_as,rrc05_as3352__to__rrc04_as3352,none,xgboost,fusion_late_mean,,0.6199,,,0.0489,,,0.0756,,,0.3604,
same_as,rrc05_as3352__to__rrc04_as3352,none,xgboost,fusion_late_or,,0.6123,,,0.1518,,,0.1484,,,0.3909,
same_as,rrc05_as3352__to__rrc04_as3352,none,xgboost,graph,,0.4942,,,0.0738,,,0.0839,,,0.0778,
same_as,rrc05_as3352__to__rrc04_as3352,none,xgboost,stat,,0.6093,,,0.1509,,,0.1492,,,0.3806,
same_as,rrc05_as3352__to__rrc04_as3352__core10,equal,lstm,core10,,0.4978,,,0.143,,,0.1076,,,0.07,
same_as,rrc05_as3352__to__rrc04_as3352__core10,equal,mlp,core10,,0.498,,,0.3989,,,0.2122,,,0.0637,
same_as,rrc05_as3352__to__rrc04_as3352__core10,equal,random_forest,core10,,0.4706,,,0.3975,,,0.238,,,0.1353,
same_as,rrc05_as3352__to__rrc04_as3352__core10,equal,xgboost,core10,,0.4983,,,0.2372,,,0.1517,,,0.1082,
same_as,rrc05_as3352__to__rrc04_as3352__core10,none,lstm,core10,,0.5003,,,0.0913,,,0.1025,,,0.0687,
same_as,rrc05_as3352__to__rrc04_as3352__core10,none,mlp,core10,,0.4862,,,0.3466,,,0.1837,,,0.0642,
same_as,rrc05_as3352__to__rrc04_as3352__core10,none,random_forest,core10,,0.4903,,,0.0468,,,0.0812,,,0.1522,
same_as,rrc05_as3352__to__rrc04_as3352__core10,none,xgboost,core10,,0.5051,,,0.084,,,0.0931,,,0.1272,
